Country,Island (Y/N),Landlocked (Y/N),Annual International Tourist Arrivals,Average elevation above sea level (m),Urban population percentage,Air pollution Index,Population area density (/km),Average household size,Ethnic fractionalisation,Linguistic fractionalisation,Religious fractionalisation,GDP per Capita,Infant Mortality Rate (Deaths per 1000 Births),Annual Cigarette Consumption per Capita,Proportion of Population Using Cannabis,Obesity Rate,Corruption Perception Index,Crime Index,Water and Sanitation Rating,Country,Avg Jan Temp C,Avg Feb Temp C,Avg Mar Temp C,Avg Apr Temp C,Avg May Temp C,Avg Jun Temp C,Avg Jul Temp C,Avg Aug Temp C,Avg Sep Temp C,Avg Oct Temp C,Avg Nov Temp C,Avg Dec Temp C,Lockdown 1 Start,Lockdown 1 End,Pop. Proportion 1,Lockdown 2 Start,Lockdown 2 End,Pop. Proportion 2,Lockdown 3 Start,Lockdown 3 End,Pop. Proportion 3,Asian Response Start,Asian Response End,TB Start,TB End,Population
Afghanistan,0,1,500000,1885,25,93.45,49,8,0.7693,0.6141,0.2717,2182,53,311.6,4.3,10,16,73.26,37.74,Afghanistan,,2.2,7.4,13.2,16,,,,,,,,,,,,,,,,,,,,,37000000
Albania,0,0,4070000,708,60,77.77,100,3.7,0.2204,0.0399,0.4719,14866,9,2491.6,1.8,21.7,35,40.02,65.46,Albania,,3,6.2,10.2,13.5,,,,,,,,2020-03-13,,1,,,,,,,,,2020-03-15,,2800000
Algeria,0,0,2039000,800,73,65.75,18,4.5,0.3394,0.4427,0.0091,16091,21,1046.7,5.7,27.4,35,54.41,57.18,Algeria,,14.6,18.2,22.2,25,,,,,,,,2020-03-23,2020-04-19,0.08,,,,,,,,,2020-03-20,,42000000
Andorra,0,1,2831000,1996,88,43,164,2.1,0.7139,0.6848,0.2326,48000,3,6398.3,14.6,25.6,65,25,80,Andorra,,4.3,6.9,9.1,11.5,,,,,,,,,,,,,,,,,,,,,77000
Angola,0,0,397000,1112,66,70,23,4.8,0.7867,0.787,0.6276,6763,68,340.2,2.1,5,26,60,37.44,Angola,,22.9,22.7,22.2,21.8,,,,,,,,,,,,,,,,,,,,,31000000
Antigua and Barbuda,1,0,265000,5,25,30,235,3.4,0.1643,0.1063,0.684,30593,10,89.2,10.6,5,60,40,59.18,Antigua and Barbuda,,23.9,24.1,24.7,25.8,,,,,,,,,,,,,,,,,,,,,96000
Argentina,0,0,5559000,595,92,50.67,16,3.3,0.255,0.0618,0.2236,19971,10,1176.1,7.2,28.3,45,62.96,59.3,Argentina,,20,17.8,14,10.6,,,,,,,,2020-03-19,,1,,,,,,,,,2020-03-15,,44000000
Armenia,0,1,1260000,1792,63,60.23,99,3.5,0.1272,0.1291,0.4576,11845,7,1985.7,3.5,20.2,42,20.78,62.07,Armenia,,-5.5,0.1,7.2,14.6,,,,,,,,2020-03-24,2020-04-14,1,,,,,,,,,2020-03-20,2020-05-14,3000000
Australia,1,0,8263000,330,86,23.46,3,2.5,0.0929,0.3349,0.8211,54799,3,917,10.6,29,77,42.7,74.12,Australia,27.8,27.2,25.3,21.8,17.8,14.8,14,,,,,,2020-03-23,,1,,,,,,,,,,,25000000
Austria,0,1,28121000,910,58,22.19,106,2.2,0.1068,0.1522,0.4146,55171,3,1927,3.5,20.1,77,23.23,78.97,Austria,,-2.2,1.6,5.7,10.4,,,,,,,,2020-03-16,2020-04-13,1,,,,,,,,,2020-03-20,,8900000
Azerbaijan,0,1,2044000,384,56,78.12,116,4.1,0.2047,0.2054,0.4899,19156,11,1525.6,3.5,19.9,30,32.68,62.33,Azerbaijan,,0.4,4.4,10.9,16.4,,,,,,,,2020-03-31,2020-04-20,1,,,,,,,,,2020-03-23,,9900000
Bahamas,1,0,1482000,5,83,40,28,3.4,0.4228,0.1855,0.6815,33432,6,438.6,5.5,31.6,64,50,54.99,Bahamas,,21.4,22.5,23.9,25.6,,,,,,,,,,,,,,,,,,,,,390000
Bahrain,1,0,10158000,5,89,71.43,1983,4.2,0.5021,0.4344,0.5528,51991,6,1101.5,0.4,29.8,42,29.18,55.15,Bahrain,,18,21.7,26.5,31.9,,,,,,,,,,,,,,,,,,,,,1600000
Bangladesh,0,0,200000,85,37,86.21,1170,4.5,0.0454,0.0925,0.209,5453,22,744.1,3.3,5,26,64.98,29.56,Bangladesh,,20.6,25,27.6,28,,,,,,,,2020-03-26,2020-04-25,1,,,,,,,,,,,161000000
Barbados,1,0,632000,5,31,50,668,2.8,0.1423,0.0926,0.6934,19364,10,277.5,8.3,23.1,62,50,55.76,Barbados,,24.8,25.2,25.8,26.6,,,,,,,,,,,,,,,,,,,,,290000
Belarus,0,1,9423500,160,79,43.63,46,2.5,0.3222,0.4666,0.6116,21224,3,2911.3,1.1,24.5,45,24.8,64.98,Belarus,,-5.3,-0.7,7,13.3,,,,,,,,,,,,,,,,,,,,,9500000
Belgium,0,0,7481000,181,98,52.94,376,2.3,0.5554,0.5409,0.2127,50904,3,2440.9,5.1,22.1,75,42.5,77.38,Belgium,,2.9,5.7,8.7,12.9,15.7,17.7,,,,,,2020-03-18,2020-04-19,1,,,,,,,,,2020-03-20,,11500000
Belize,0,0,386000,173,46,50,17,3.8,0.7015,0.6303,0.5813,8791,14,168.6,8.5,24.1,30,70,57.79,Belize,,23,24.5,26,26.9,,,,,,,,,,,,,,,,,,,2020-03-15,,383000
Benin,0,0,267000,273,47,70,104,5.2,0.7872,0.7905,0.5544,3648,55,204,1,5,41,60,38.17,Benin,,28.6,30.2,30.3,29,,,,,,,,,,,,,,,,,,,,,11500000
Bhutan,0,1,210000,3280,41,35,21,4.2,0.605,0.6056,0.3787,10627,15,500,3,5,68,30,47.22,Bhutan,,5.7,9.5,12.3,14.8,,,,,,,,,,,,,,,,,,,,,750000
Bolivia,0,1,959000,1192,69,74.6,10,3.3,0.7396,0.224,0.2085,8525,30,291.6,4.3,20.2,31,54.31,55.98,Bolivia,,22.5,22,21,19.1,,,,,,,,2020-03-22,2020-04-15,1,,,,,,,,,,,11000000
Bosnia and Herzegovina,0,1,777000,500,48,62.33,69,3.5,0.63,0.6751,0.6851,14894,6,1767.2,2.8,10,36,43.57,41.84,Bosnia and Herzegovina,,0.6,4.6,9,13.7,,,,,,,,,,,,,,,,,,,,,3300000
Botswana,0,1,1000000,1013,69,70,4,3.5,0.4102,0.411,0.5986,19388,30,433.5,4,5,61,52.89,51.7,Botswana,,25.6,24.3,21.6,17.7,,,,,,,,2020-04-02,2020-04-30,1,,,,,,,,,,,2300000
Brazil,0,0,6578000,320,87,54.98,25,3,0.5408,0.0468,0.6054,17106,10,333.5,2.6,22.1,35,69.48,60.7,Brazil,,25.7,25.5,25.1,24.2,23.5,23.3,,,,,,2020-03-17,2020-04-07,0.03,2020-03-24,2020-04-08,0.25,,,,,,2020-03-30,,209000000
Brunei,0,0,219000,478,78,55,73,3.5,0.5416,0.3438,0.4404,85011,9,9.7,0.02,10,60,28.05,63.57,Brunei,,24.9,25.3,25.7,25.7,,,,,,,,,,,,,,,,,,,2020-03-24,,430000
Bulgaria,0,1,8252000,472,75,65.33,63,2.3,0.4021,0.3031,0.5965,26034,6,1757.3,2.5,25,43,39.31,67.85,Bulgaria,,0.8,4.9,10.2,15.4,19.1,21.6,,,,,,,,,,,,,,,,,,,7000000
Burkina Faso,0,1,152000,297,29,70,75,5.7,0.7377,0.7228,0.5798,2181,55,408.1,2.9,5,40,70,42.83,Burkina Faso,,27.7,30.6,32.1,31.5,,,,,,,,,,,,,,,,,,,,,19800000
Burma,0,0,2907000,702,35,92.54,80,4,0.5062,0.5072,0.1974,7220,39,226.5,0.9,5,30,45,45.32,Burma,,19.6,22.6,25.3,25.6,,,,,,,,,,,,,,,,,,,2020-04-30,,54045420
Burundi,0,1,187000,1504,13,70,403,4.8,0.2951,0.2977,0.5158,724,43,239.4,1,5,19,60,27.43,Burundi,,20.1,20.1,20,19,,,,,,,,,,,,,,,,,,,,,10500000
Cabo Verde,1,0,598000,5,66,50,136,5,0.4174,0,0.0766,8716,17,397.1,8.1,5,20,60,56.94,Cabo Verde,,20.6,20.9,21.4,21.9,,,,,,,,,,,,,,,,,,,2020-03-17,,540000
Cambodia,0,0,5012000,126,23,79.5,90,4.6,0.2105,0.2104,0.0965,5004,24,726.2,3.5,5,20,51.8,43.23,Cambodia,25,26.5,28,28.9,26,,,,,,,,,,,,,,,,,,,,,16000000
Cameroon,0,0,800000,667,56,70,52,5,0.8635,0.8898,0.7338,4099,48,171,10,5,25,60,40.81,Cameroon,,25.6,26.6,26.7,25.7,,,,,,,,,,,,,,,,,,,,,25000000
Canada,0,0,19824000,487,81,27.83,4,2.5,0.7124,0.5772,0.6958,52144,5,1021.3,32.7,29.4,77,39.48,72.18,Canada,-24.5,-23.3,-18.5,-9.6,-0.1,7.3,11.3,,,,,,,,,,,,,,,,,2020-03-20,,37000000
Central African Republic,0,1,100000,635,41,70,8,5.2,0.8295,0.8334,0.7916,864,83,213.2,4,5,25,80,36.42,Central African Republic,,26.3,27.1,27,26.1,,,,,,,,,,,,,,,,,,,,,4700000
Chad,0,1,150000,543,23,70,12,5.8,0.862,0.8635,0.6411,2603,73,279.3,0.9,5,20,70,45.34,Chad,,23.4,26.8,29.8,31.1,,,,,,,,,,,,,,,,,,,,,15500000
Chile,0,0,5641000,1871,88,65.73,23,3.1,0.1861,0.1871,0.3841,27150,7,769.3,11.3,28,67,47.12,57.49,Chile,,12.2,10.9,8.5,6.1,,,,,,,,2020-03-19,,1,,,,,,,,,2020-03-20,,18700000
China,0,0,59270000,1840,59,80.77,145,4,0.1538,0.1327,0.6643,20984,10,2043,0.04,5,41,36.7,50.74,China,-8.6,-5.7,-0.5,7.6,13.1,17.3,19.6,,,,,,2020-01-23,2020-03-31,0.04,,,,,,,,,2020-03-28,,1428000000
Colombia,0,0,3317000,593,81,62.83,41,3.5,0.6014,0.0193,0.1478,16265,14,351.4,2.3,22.3,37,52.54,65.22,Colombia,,24.9,25,24.7,24.3,23.8,23.8,,,,,,2020-03-25,2020-04-27,1,,,,,,,,,2020-03-17,2020-05-30,49600000
Congo (Brazzaville),0,0,100000,430,67,70,16,4.3,0.8747,0.6871,0.6642,7336,36,195.2,4,5,19,80,40,Congo (Brazzaville),,25.4,25.7,25.6,25.1,,,,,,,,2020-03-31,2020-04-20,1,,,,,,,,,,,5200000
Congo (Kinshasa),0,1,124000,726,44,70,37,5.3,0.8747,0.8705,0.7021,873,66,128,4,5,20,80,40,Congo (Kinshasa),,24.5,24.7,24.6,24.3,,,,,,,,,,,,,,,,,,,2020-03-24,,86790567
Costa Rica,0,0,2925000,250,79,46.97,99,3.2,0.2368,0.0489,0.241,18651,8,411.4,1,25.7,56,55.77,67.85,Costa Rica,,24.4,25.3,25.8,25.3,,,,,,,,2020-03-23,,1,,,,,,,,,2020-03-16,2020-04-12,5000000
Cote d'Ivoire,0,0,1583000,746,51,70,80,5.1,0.8204,0.7842,0.7551,4754,61,352.7,3,5,35,70,45.25,Cote d'Ivoire,,27.9,28.5,28.2,27.3,,,,,,,,,,,,,,,,,,,,,25716544
Croatia,0,0,13809000,331,57,30.46,72,2.8,0.369,0.0763,0.4447,29207,4,1578.9,5.2,24.4,47,24.23,65.45,Croatia,,1.8,5.8,10.2,14.8,,,,,,,,2020-03-18,2020-04-19,1,,,,,,,,,2020-03-19,,4200000
Cuba,1,0,3968000,108,77,50,102,3.4,0.5908,0,0.5059,10000,4,233.5,2,24.6,48,27.62,63.42,Cuba,,22.8,23.8,24.9,26.1,,,,,,,,2020-03-23,2020-04-20,1,,,,,,,,,2020-03-24,,11300000
Cyprus,1,0,3187000,91,67,53.55,149,2.6,0.0939,0.3962,0.3962,42956,3,1961.4,4.4,21.8,58,29.62,72.6,Cyprus,,10.9,13.1,16.6,20.7,,,,,,,,2020-03-30,,1,,,,,,,,,2020-03-20,2020-04-30,1200000
Czechia,0,1,9321000,433,74,40.23,135,2.3,0.3222,0.3233,0.6591,40585,3,2427.9,15.2,26,56,25.99,67.68,Czechia,,-1.1,3,7.8,12.7,,,,,,,,2020-03-16,2020-04-12,1,,,,,,,,,2020-03-16,,10700000
Denmark,0,0,10781000,34,88,21.33,135,2.1,0.0819,0.1049,0.2333,55675,4,1298,5.5,15,87,24.72,81.6,Denmark,,0,2.3,6.3,11,,,,,,,,2020-03-11,2020-04-13,1,,,,,,,,,2020-03-14,,5800000
Djibouti,0,0,75000,430,78,70,47,4.5,0.7962,0.6558,0.0435,5855,36,785.5,2,5,30,70,40.04,Djibouti,,24.7,26.2,27.9,29.6,,,,,,,,,,,,,,,,,,,,,960000
Dominica,1,0,78000,20,70,50,97,2.7,0.2003,0,0.4628,12851,20,147.4,10.8,27.9,55,70,59.38,Dominica,,22.7,22.9,23.6,24.5,,,,,,,,,,,,,,,,,,,2020-03-20,,71808
Dominican Republic,1,0,5959300,424,81,77.9,216,3.2,0.4294,0.0395,0.3118,20625,24,218.9,0.3,27.8,28,60.62,64.71,Dominican Republic,,21.9,22.7,23.5,24.1,,,,,,,,2020-03-19,,1,,,,,,,,,2020-03-19,2020-04-12,10738958
Ecuador,0,0,1418000,1117,64,57,63,3.7,0.655,0.1308,0.1417,11866,14,93.5,0.7,19.9,38,48.91,57.42,Ecuador,,22,22.1,22.1,21.7,,,,,,,,2020-03-16,2020-03-31,1,,,,,,,,,2020-03-25,2020-04-05,17373662
Egypt,0,0,5258000,321,43,85.65,100,4.1,0.1836,0.0237,0.1979,14800,15,1449.4,6.2,32,35,48.53,61.21,Egypt,,14.9,18,22.6,26.6,,,,,,,,,,,,,,,,,,,2020-03-19,2020-04-15,100388073
El Salvador,0,0,1434000,442,72,45,319,3.6,0.1978,0,0.3559,8593,17,206.7,0.4,24.6,34,68.63,53.91,El Salvador,,23.2,24.5,25.3,25,,,,,,,,2020-03-12,2020-04-02,1,,,,,,,,,2020-03-11,,6453553
Equatorial Guinea,0,0,75000,577,72,70,48,6.4,0.3467,0.322,0.1195,19961,67,328.2,5,5,30,70,60.4,Equatorial Guinea,,25.6,25.4,25.3,25.1,,,,,,,,,,,,,,,,,,,,,1355986
Eritrea,0,0,142000,853,36,70,29,5,0.6524,0.653,0.4253,1103,36,132.3,2,5,23,70,39.34,Eritrea,,23.5,24.9,27.2,28.7,,,,,,,,2020-04-02,2020-04-23,1,,,,,,,,,,,3497117
Estonia,0,0,3147000,61,69,19.81,29,2.1,0.5062,0.4944,0.4985,37606,2,1759.9,6,21.2,74,22.17,64.31,Estonia,,-5.9,-2.3,4.2,10.2,,,,,,,,,,,,,,,,,,,2020-03-17,,1325648
Eswatini,0,1,100000,853,24,70,67,4,0.7,0.8,0.8,11139,49,100,3,5,40,60,50,Eswatini,,17.5,15.9,12.5,9.2,,,,,,,,,,,,,,,,,,,,,1148130
Ethiopia,0,1,871000,1330,21,79.19,101,4.6,0.7235,0.8073,0.6249,2702,38,115.3,2.6,5,37,47.46,44.78,Ethiopia,,22.5,23.6,24,23.9,,,,,,,,,,,,,,,,,,,,,112078730
Fiji,1,0,792000,30,56,30,48,4.8,0.5479,0.5479,0.5682,12689,14,491.1,5.1,30.2,50,60.52,53.09,Fiji,,25.9,25.7,25.1,23.8,,,,,,,,2020-03-20,2020-04-07,0.08,2020-04-03,2020-04-17,0.17,,,,,,,,889953
Finland,0,0,2789000,164,85,11.55,16,2.1,0.1315,0.1412,0.2531,49548,2,1098.8,3.1,22.2,86,22.75,78.64,Finland,-10.8,-10.6,-6.1,0.2,6.8,12.5,15.5,,,,,,2020-03-27,2020-04-16,0.31,,,,,,,,,2020-03-19,,5532156
France,0,0,82570000,375,80,43.56,123,2.2,0.1032,0.1221,0.4029,48640,4,1089.9,8.6,21.6,69,46.45,83.95,France,3.3,4.1,6.8,9.5,13.2,16.5,18.7,,,,,,2020-03-17,2020-05-11,1,,,,,,,,,,,65129728
Gabon,0,0,150000,377,89,70,8,4.1,0.769,0.7821,0.6674,19839,34,451.2,2,5,31,60,45.05,Gabon,,26,26.1,26,25.5,,,,,,,,,,,,,,,,,,,,,2172579
Gambia,0,0,161000,34,61,70,208,8.2,0.7864,0.8076,0.097,2892,45,249.1,2,5,37,60,42.42,Gambia,,26.4,28.1,29.3,30,,,,,,,,,,,,,,,,,,,2020-03-20,,2347706
Georgia,0,0,6361000,1432,59,71.09,54,2.8,0.4923,0.4749,0.6543,13200,8,1917.7,2.7,21.7,56,20.18,55.69,Georgia,,-5.3,-0.5,6.4,11.6,,,,,,,,2020-03-31,2020-04-21,1,,,,,,,,,2020-03-20,2020-04-21,3996765
Germany,0,0,35555000,263,77,29.03,233,2,0.1682,0.1642,0.6571,55306,3,1599.5,4.8,22.3,80,34.6,78.37,Germany,-0.3,0.6,4.1,8,12.6,15.6,16.5,,,,,,2020-03-20,2020-04-19,1,,,,,,,,,,,83517045
Ghana,0,0,1000000,190,56,89.2,127,3.6,0.6733,0.6731,0.7987,7343,37,40.5,21.5,5,41,51.57,49.66,Ghana,,29,29.5,29.2,28.3,,,,,,,,2020-03-30,2020-04-12,0.18,,,,,,,,,2020-03-17,,28833629
Greece,0,0,24799000,498,79,52.55,81,2.3,0.1576,0.03,0.153,31616,4,2078.6,1.7,24.9,48,39.29,73.6,Greece,,5.7,8.3,12.1,16.7,,,,,,,,2020-03-23,2020-04-27,1,,,,,,,,,,,10473455
Grenada,1,0,156000,5,36,30,316,3.4,0.2661,0,0.5898,17434,15,158.2,10.8,21.3,53,50,50.93,Grenada,,25.1,25.7,26.5,27.4,,,,,,,,,,,,,,,,,,,,,112003
Guatemala,0,0,1906000,759,51,70.65,162,4.8,0.5122,0.4586,0.3753,9009,20,111.8,4.8,21.2,26,56.05,52.33,Guatemala,,21.8,23.2,24.5,25,,,,,,,,,,,,,,,,,,,2020-03-16,2020-03-30,17581472
Guinea,0,0,50000,472,36,70,50,6.3,0.7389,0.7725,0.2649,2574,66,316,2,5,29,60,46.62,Guinea,24.5,26.4,28,28.5,27.8,25.9,24.8,24.2,24.9,25.4,25.4,24.2,,,,,,,,,,,,,,12771246
Guinea-Bissau,0,0,10000,70,43,70,44,5.4,0.8082,0.8141,0.6128,2113,56,25.3,2,5,18,60,44.67,Guinea-Bissau,,26.5,28.2,29.3,29.3,,,,,,,,,,,,,,,,,,,,,1920922
Guyana,0,0,235000,207,27,60,3.6,3.8,0.6195,0.0688,0.7876,17163,27,359.1,2.6,20.2,40,55,47.93,Guyana,,25.2,25.6,25.8,25.7,,,,,,,,,,,,,,,,,,,2020-03-20,2020-03-01,782766
Haiti,1,0,500000,470,55,50,416,4.3,0.095,0,0.4704,1916,59,143,1.4,22.7,18,70,33.74,Haiti,,22.7,23.3,24.1,24.9,,,,,,,,,,,,,,,,,,,,,11263770
Holy See,0,1,100000,100,100,50,924,2.1,0,0,0,50000,5,500,2,20,60,20,75,Holy See,,4.3,7,10.1,14.3,,,,,,,,,,,,,,,,,,,,,50000
Honduras,0,0,1500000,684,57,50,81,4.4,0.1867,0.0553,0.2357,5600,15,469.8,0.8,21.4,26,75.48,51.51,Honduras,,22.2,23.5,24.5,25,,,,,,,,2020-03-17,,0.24,2020-03-20,2020-04-19,1,,,,,,2020-03-15,,9746117
Hungary,0,1,5302000,143,71,48.29,105,2.3,0.1522,0.0297,0.5244,35941,3,2060.3,2.3,26.4,44,35.41,65.01,Hungary,,0.44,5.3,10.6,15.5,,,,,,,,2020-03-28,2020-04-10,1,,,,,,,,,2020-03-17,,9684679
Iceland,1,0,1792000,557,94,16.21,3.5,2.6,0.0798,0.082,0.1913,56974,3,848.1,18.3,21.9,78,23.15,78.57,Iceland,,-2.9,-2.2,-0.3,3.4,,,,,,,,,,,,,,,,,,,,,339031
India,0,0,14569000,621,34,78.87,414,4.6,0.4182,0.8069,0.326,9027,33,89.3,3.2,10,41,42.38,30.57,India,17,19.3,23.7,27.7,30,29.3,27.1,,,,,,2020-03-25,2020-05-03,1,,,,,,,,,2020-03-22,2020-05-03,1366417754
Indonesia,1,0,11519000,367,55,66.56,141,4,0.7351,0.768,0.234,14841,25,1675.5,0.4,10,40,46.26,46.92,Indonesia,,25.7,25.9,26.1,26.2,25.7,25.4,,,,,,,,,,,,,,,,,2020-04-01,,270625568
Iran,0,1,4942000,1305,75,77.45,51,3.5,0.6684,0.7462,0.1152,17832,5,936.5,4.2,25.8,26,49.03,58.16,Iran,,6.6,11.2,16.7,22,,,,,,,,,,,,,,,,,,,,,82913906
Iraq,0,1,100000,312,70,78.83,90,6.3,0.3689,0.3694,0.4844,18755,23,1184.4,3,30.4,20,46.35,43.2,Iraq,,11.1,14.9,20.6,26.5,,,,,,,,2020-03-22,2020-04-11,1,,,,,,,,,,,39309783
Ireland,1,0,10100000,118,63,33.99,70,2.6,0.1206,0.0312,0.155,86988,3,976.5,6.3,25.3,74,46.18,78.77,Ireland,,5,6.2,7.8,10.4,13,14.7,,,,,,2020-03-12,2020-05-05,1,,,,,,,,,,,4882495
Israel,0,0,2900000,508,92,57.25,416,3.3,0.3436,0.5525,0.3469,40337,3,1280.7,27,26.1,60,30.71,75.01,Israel,,12.1,14.5,18.3,21.9,,,,,,,,2020-04-02,,0.01,,,,,,,,,2020-03-12,,8519377
Italy,0,0,52372000,538,70,55.63,200,2.3,0.1145,0.1147,0.3027,41582,3,1493.3,14.6,19.9,53,44.35,76.96,Italy,3.5,4.3,7,10.1,14.3,18.2,20.8,,,,,,2020-03-09,2020-05-03,1,,,,,,,,,,,60550075
Jamaica,1,0,2182000,340,56,68.92,248,3.1,0.4129,0.1098,0.616,9932,13,312.5,9.9,24.7,43,65.26,58.58,Jamaica,,23.5,24,24.7,25.1,,,,,,,,,,,,,,,,,,,2020-03-20,,2948279
Japan,1,0,24040000,438,92,39.59,333,2.4,0.0119,0.0178,0.5406,46827,2,1583.2,0.3,10,73,15.91,74.69,Japan,-1.2,-0.8,2.6,8.6,13.4,17.5,21.6,,,,,,2020-04-07,2020-05-06,0.38,,,,,,,,,,,126860301
Jordan,0,1,3858000,812,91,77.78,119,4.7,0.5926,0.0396,0.0659,9939,17,2306.1,2.1,35.5,48,42.89,62.2,Jordan,,10.2,13.3,17.8,22.3,,,,,,,,2020-03-18,,1,,,,,,,,,2020-03-17,,10101694
Kazakhstan,0,1,6509000,387,57,75.15,7,3.4,0.6171,0.6621,0.5898,30178,9,1800.9,4.2,21,34,64.23,54.56,Kazakhstan,,-11.6,-4.4,7.8,15.6,,,,,,,,,,,,,,,,,,,,,18551427
Kenya,0,0,1268000,762,27,76.6,82,3.6,0.8588,0.886,0.7765,4078,37,264.4,2.1,5,28,62.38,47.25,Kenya,,25.5,25.9,25.2,24.3,,,,,,,,,,,,,,,,,,,2020-03-17,,52573973
"Korea, South",1,0,17242000,282,81,62.48,517,3,0.0392,0.0028,0.4891,46452,3,1667.4,0.3,5,59,30,62.3,"Korea, South",-3.5,-1.4,3.7,10.1,15.3,19.8,23.4,,,,,,,,,,,,,,,2020-02-20,,,,51225308
Kosovo,0,1,500000,800,58,60,165,5.4,0.25,0.25,0.72,13017,11,1000,0.5,10,36,40,65,Kosovo,,0,4,8,13,,,,,,,,,,,,,,,,,,,,,100000
Kuwait,0,0,500000,108,100,68.89,248,3.5,0.6604,0.3444,0.6745,67891,7,1412.7,3.1,37.9,40,35.61,62.28,Kuwait,,14.8,19.2,24.4,30.7,34.5,36,,,,,,2020-03-14,2020-03-29,1,,,,,,,,,,,4207083
Kyrgyzstan,0,1,2930000,2988,36,75,32,4.2,0.6752,0.5949,0.447,4193,15,519.6,6.4,10,30,45,54.86,Kyrgyzstan,,0,5,12,18,,,,,,,,,,,,,,,,,,,,,6415850
Laos,0,1,3315000,710,35,80,27,4.7,0.5139,0.6382,0.5453,8684,40,814.6,0.9,5,29,50,42.96,Laos,,20.7,23.2,25.5,26.2,,,,,,,,,,,,,,,,,,,2020-03-20,2020-05-03,7169455
Latvia,0,0,1793000,87,68,33.73,30,2.2,0.5867,0.5795,0.5556,32987,3,1189.1,4.9,23.6,56,36.6,66.12,Latvia,,-5.1,-1.4,5.2,11.2,,,,,,,,,,,,,,,,,,,2020-03-17,,1906743
Lebanon,0,0,1688000,1250,89,88.37,672,4,0.1314,0.1312,0.7886,15599,9,2037.5,1.9,32,28,43.38,61.08,Lebanon,,7.7,10.3,14.2,18.3,,,,,,,,2020-03-15,2020-03-28,1,,,,,,,,,,,6855713
Liberia,0,0,50000,243,51,70,46,5.2,0.9084,0.9038,0.4883,1428,55,154.4,1,5,28,60,41.62,Liberia,25.5,26.2,26.8,26.6,26.1,25.3,24.3,23.9,24.7,25.3,25.7,25.4,2020-03-23,2020-04-11,0.27,,,,,,,,,,,4937374
Libya,0,0,250000,423,80,70,3.7,4.8,0.792,0.0758,0.057,9446,10,327.2,0.05,32.5,18,61.26,49.79,Libya,,14.7,18,22.2,24.6,,,,,,,,2020-03-22,,1,,,,,,,,,,,6777452
Liechtenstein,0,1,60000,1000,14,20,240,2.3,0.5726,0.2246,0.3343,50000,4,2000,8.6,20,75,20,80,Liechtenstein,,-4.7,-1.9,1.2,5.5,,,,,,,,,,,,,,,,,,,,,38019
Lithuania,0,0,2296000,110,68,28.8,43,2.1,0.3223,0.3219,0.4141,38751,3,1292,5.6,26.3,60,34.82,69.33,Lithuania,,-4.3,-0.4,6.2,12.1,,,,,,,,2020-03-16,2020-04-27,1,,,,,,,,,2020-03-16,2020-04-27,2759627
Luxembourg,0,1,1054000,325,91,24.28,237,2.4,0.5302,0.644,0.0911,112045,4,6330.9,7.6,22.6,80,30.17,79.12,Luxembourg,,1.9,5.1,8.4,12.7,,,,,,,,2020-03-18,,1,,,,,,,,,,,615729
Madagascar,1,0,293000,442,37,70,44,4.2,0.8791,0.0204,0.5191,1776,40,404.2,9.1,5,24,60,33.73,Madagascar,,24.6,24.4,23.4,21.7,,,,,,,,2020-03-23,,0.07,,,,,,,,,2020-03-20,2020-04-20,26969307
Malawi,0,1,849000,779,17,70,148,4.5,0.6744,0.6023,0.8192,1292,43,241.1,1,5,31,60,49.21,Malawi,,23.4,23.2,22.2,20.3,,,,,,,,,,,,,,,,,,,,,18628747
Malaysia,0,0,26757000,538,76,63.18,99,4.2,0.588,0.597,0.6657,34567,6,441.2,1.6,10,53,60.66,59.22,Malaysia,24.9,25,25.4,25.8,25.9,25.7,25.4,,,,,,2020-03-18,2020-04-28,1,,,,,,,,,2020-03-18,,31949777
Maldives,1,0,1286000,1.8,40,20,1258,5.3,0.415,0.4645,0.4853,24796,18,560.9,0.5,10,29,53.83,52.14,Maldives,,28.1,28,28.3,28,,,,,,,,,,,,,,,,,,,,,530953
Mali,0,1,173200,343,42,70,15,9,0.6906,0.8388,0.182,2569,54,316.9,7.8,5,29,60,43.71,Mali,,23.9,27.4,30.6,33.1,,,,,,,,,,,,,,,,,,,,,19658031
Malta,1,0,1966000,10,95,77.07,1510,2.5,0.0414,0.0907,0.1223,49589,7,1527.9,4.5,28.9,54,37.73,80.9,Malta,,12.3,13.7,15.9,19.2,,,,,,,,,,,,,,,,,,,,,440372
Mauritania,0,0,250000,276,54,70,4,4,0.615,0.326,0.0149,5158,54,30.3,3,5,28,65,39.24,Mauritania,,22.4,25.2,28.2,31.4,,,,,,,,,,,,,,,,,,,,,4525696
Mauritius,1,0,1275000,5,41,55.88,620,3.5,0.4634,0.4547,0.6385,26461,14,542.5,3.9,5,52,47.34,56.63,Mauritius,,25.5,25.4,24.4,22.8,,,,,,,,,,,,,,,,,,,2020-03-20,,1198575
Mexico,0,0,35079000,1111,80,66.1,64,3.7,0.5418,0.1511,0.1796,21363,13,327.1,1.2,28.9,29,52.21,56.69,Mexico,,16.4,18.4,21.2,23.5,,,,,,,,,,,,,,,,,,,,,127575529
Moldova,0,1,121000,139,43,60,79,2.2,0.5535,0.5533,0.5603,8161,10,1747.2,0.9,10,32,45.7,51.97,Moldova,,-1.9,3,10.1,16.1,,,,,,,,,,,,,,,,,,,2020-03-17,,4043263
Monaco,0,0,336000,10,100,86.33,18960,2.1,0.6838,0.7305,0.3047,150000,1,1000,8.9,25,75,15,80,Monaco,,2.5,4.9,7.7,11.6,,,,,,,,,,,,,,,,,,,,,38964
Mongolia,0,1,404000,1528,68,92.45,1.9,3.5,0.3682,0.3734,0.0799,15089,13,1982.5,2,20.6,35,57.76,57.51,Mongolia,,-17.9,-9.3,1.8,9.6,15.4,17.8,,,,,,,,,,,,,,,,,,,3225167
Montenegro,0,0,1662000,1086,67,45.14,45,3.1,0.5736,0,0,21977,2,1100.8,0.2,23.3,45,39.67,61.33,Montenegro,,-0.3,3.5,7.9,12.8,,,,,,,,2020-03-24,,0.02,,,,,,,,,,,627987
Morocco,0,0,10332000,909,62,70.64,80,4.2,0.4841,0.4683,0.0035,9667,20,682.3,4.2,26.1,41,49.53,63.47,Morocco,,11,13.3,15.6,19.2,,,,,,,,2020-03-19,2020-04-20,1,,,,,,,,,2020-03-15,,36471769
Mozambique,0,0,1639000,345,36,70,36,4.5,0.6932,0.8125,0.6759,1372,55,501.9,0.9,5,26,60,46.37,Mozambique,,25.9,25.5,24.2,22.1,,,,,,,,,,,,,,,,,,,,,30366036
Namibia,0,0,1469000,1141,50,70,2.9,4.2,0.6329,0.7005,0.6626,11451,34,298.4,3.9,5,52,68.14,58.14,Namibia,,24,22.8,20.6,17.2,,,,,,,,,,,,,,,,,,,2020-03-20,2020-03-26,2494530
Nepal,0,1,753000,3265,20,84.77,201,4.2,0.6632,0.7167,0.1417,3550,29,511.6,3.2,5,34,35.7,31.44,Nepal,3.4,4.8,9.3,13.5,16.5,,,,,,,,2020-03-24,2020-04-15,1,,,,,,,,,2020-03-20,2020-04-30,28608710
Netherlands,0,0,15828000,30,91,27.41,420,2.2,0.1054,0.5143,0.7222,60299,3,1459.9,8,20.4,82,28.54,75.46,Netherlands,,2.7,5.4,8.3,12.5,,,,,,,,2020-03-16,2020-04-28,1,,,,,,,,,,,17097130
New Zealand,1,0,3370000,388,87,23.4,18,2.7,0.3969,0.1657,0.811,42045,4,685.1,14.6,30.8,87,40.89,75.96,New Zealand,,14.7,13.1,10.5,7.5,5.1,4.3,,,,,,2020-03-26,2020-05-10,1,,,,,,,,,,,4783063
Nicaragua,0,0,1504000,298,59,40,53,3.4,0.4844,0.0473,0.429,5297,17,327.8,1.1,23.7,22,44.34,55.04,Nicaragua,,24.1,25.1,25.9,25.9,,,,,,,,,,,,,,,,,,,,,6545502
Niger,0,1,152000,474,16,70,19,5.9,0.6518,0.6519,0.2013,1152,47,118.8,1,5,32,60,35.74,Niger,,22.2,26.3,30.4,32.8,,,,,,,,,,,,,,,,,,,,,23310715
Nigeria,0,0,1889000,380,50,87.63,218,4.9,0.8505,0.8316,0.7421,6172,67,162.5,14.3,5,26,64.64,54.76,Nigeria,,27.2,29.4,30.1,29.1,,,,,,,,2020-03-30,2020-04-12,0.05,,,,,,,,,2020-03-26,2020-03-24,200963599
North Macedonia,0,1,510000,741,58,80.23,81,3.7,0.5023,0.5021,0.5899,17378,6,2784.9,0.6,22.4,35,50,61.06,North Macedonia,,0.7,4.7,9.3,14.1,,,,,,,,,,,,,,,,,,,2020-03-17,,2083459
Norway,0,0,5960000,460,82,20.35,17,2.2,0.0586,0.0673,0.2048,79638,2,552.8,4.6,23.1,84,33.51,77.49,Norway,,-8.3,-5.3,-0.8,4.6,,,,,,,,2020-03-12,2020-04-13,1,,,,,,,,,2020-03-16,,5378857
Oman,0,0,2292000,310,85,37.74,14,5.1,0.4373,0.3567,0.4322,48593,9,271.1,0.1,27,52,21.55,51.32,Oman,,20.8,23.3,26.7,29.4,,,,,,,,2020-04-10,2020-05-08,0.33,,,,,,,,,2020-03-15,2020-04-15,4974986
Pakistan,0,0,1000000,900,37,74.25,273,6.6,0.7098,0.719,0.3848,6016,62,363.2,3.9,10,32,44.58,37.5,Pakistan,,10.6,16,21.5,26.2,,,,,,,,2020-03-24,2020-04-30,1,,,,,,,,,2020-03-21,2020-04-11,216565318
Panama,0,0,2007000,360,68,63.09,56,3.5,0.5528,0.3873,0.3338,28456,14,219.3,3.6,22.7,36,45.47,62.71,Panama,,25.2,26,26.4,26,,,,,,,,2020-03-25,2020-04-07,1,,,,,,,,,2020-03-16,,4246439
Papua New Guinea,1,0,100000,667,13,40,19,5.5,0.2718,0.3526,0.5523,4081,42,1689.3,29.5,21.3,28,80.26,39.35,Papua New Guinea,,25.5,25.5,25.4,25,,,,,,,,2020-03-24,2020-04-07,1,,,,,,,,,,,8776109
Paraguay,0,1,1308000,178,62,45,17,3.9,0.1689,0.5975,0.2123,13213,17,384.5,1.6,20.3,28,40,53.93,Paraguay,,27.1,25.9,23.2,20.2,,,,,,,,2020-03-20,2020-04-12,1,,,,,,,,,2020-03-20,2020-04-26,7044636
Peru,0,0,3744000,1555,78,84.13,25,3.8,0.6566,0.3358,0.1988,15399,13,97.7,0.7,10,36,64.58,61.92,Peru,,20.3,20.2,19.9,19.3,,,,,,,,2020-03-16,2020-04-26,1,,,,,,,,,2020-03-17,,32510453
Philippines,1,0,5967000,442,47,74.28,362,4.2,0.2385,0.836,0.3056,10094,21,1132.2,0.8,10,34,41.09,57.65,Philippines,24.3,24.5,25.3,26.3,26.7,26.2,25.7,,,,,,2020-03-15,,0.53,2020-03-19,,0.57,2020-03-23,,0.65,,,2020-03-19,,108116615
Poland,0,0,17471000,173,60,54.46,123,2.6,0.1183,0.0468,0.1712,35651,4,1363.1,2.7,23.1,58,29.67,64.11,Poland,,-1.4,2.6,7.6,13.1,16.1,18.1,,,,,,2020-03-13,2020-04-11,1,,,,,,,,,2020-03-15,2020-05-03,37887768
Portugal,0,0,11223000,372,65,30.89,112,2.5,0.0468,0.0198,0.1438,34936,3,1133.4,3.3,20.8,62,30.11,71.91,Portugal,,9.1,11.1,13,15.8,,,,,,,,2020-03-19,2020-04-02,1,,,,,,,,,,,10226187
Qatar,0,0,2938200,28,99,61.06,237,4.7,0.7456,0.48,0.095,138910,6,1020.3,0.1,35.1,62,12,67.8,Qatar,,18.3,21.9,26.5,31.7,,,,,,,,2020-03-11,,0.1,,,,,,,,,2020-03-15,,2832067
Romania,0,1,10223000,414,54,58.42,81,2.6,0.3069,0.1723,0.2373,29555,6,1204.3,0.4,22.5,44,27.48,64.78,Romania,,-1.5,3.5,9.4,14.7,18,19.9,,,,,,2020-03-25,2020-05-12,1,,,,,,,,,2020-03-22,,19364557
Russia,0,0,24571000,600,74,62.79,9,2.6,0.2452,0.2485,0.4398,30820,5,2295,3.5,23.1,28,41.7,63.78,Russia,-26.7,-24.5,-17,-6.6,2.9,11.1,14.8,,,,,,2020-03-30,2020-05-01,0.1,,,,,,,,,2020-03-18,2020-05-01,145872256
Rwanda,0,1,932000,1598,17,70,470,4,0.3238,0,0.5066,2642,30,94,1,5,53,55,43.68,Rwanda,,19.3,19.2,19,19,,,,,,,,2020-03-21,2020-04-19,1,,,,,,,,,,,12626950
Saint Kitts and Nevis,1,0,50000,5,31,20,209,3.4,0.1842,0,0.6614,31950,15,500,11.7,22.9,55,50,55,Saint Kitts and Nevis,,22.9,23.1,23.7,24.6,,,,,,,,,,,,,,,,,,,,,52823
Saint Lucia,1,0,348000,5,19,30,292,3.4,0.1769,0.3169,0.332,15159,13,553.9,9,20,55,50,56.18,Saint Lucia,,24.1,24.5,25.2,26.2,,,,,,,,,,,,,,,,,,,,,182790
Saint Vincent and the Grenadines,1,0,79000,5,52,20,284,3.4,0.3066,0.0175,0.7028,12983,15,259.6,7.1,23.7,59,50,66.48,Saint Vincent and the Grenadines,,25.2,25.7,26.5,27.6,,,,,,,,,,,,,,,,,,,,,110589
San Marino,0,1,60000,100,97,45,568,2.3,0.2927,0,0.1975,62913,4,1500,8,20,60,35,80,San Marino,,3,6,9,12,,,,,,,,2020-03-14,,1,,,,,,,,,,,33860
Sao Tome and Principe,1,0,29000,5,73,20,202,5,0,0.2322,0.1866,3499,33,400,8.1,10,35,55,54.01,Sao Tome and Principe,,24.8,24.9,24.9,24.4,,,,,,,,,,,,,,,,,,,,,215056
Saudi Arabia,0,0,18049000,665,84,65.09,16,4,0.18,0.0949,0.127,56912,13,1341,0.3,35.4,53,28.22,57.47,Saudi Arabia,,17.1,20.5,24.5,29,,,,,,,,2020-03-09,,0.01,2020-03-26,,0.33,2020-03-29,,0.44,,,2020-03-15,,34268528
Senegal,0,0,50000,69,47,70,82,8.7,0.6939,0.7081,0.1497,4079,42,359.4,2.8,5,45,60,49.52,Senegal,,26.5,28.5,30.3,31.3,,,,,,,,,,,,,,,,,,,,,16296364
Serbia,0,1,1281000,473,56,60.32,89,2.9,0.5736,0,0,19767,5,1898.6,4.1,21.5,39,37.63,57.49,Serbia,,0.4,5,10.3,15.3,,,,,,,,2020-03-15,,1,,,,,,,,,2020-03-16,,8772235
Seychelles,1,0,303000,5,57,30,213,4,0.2025,0.1606,0.2323,33118,11,543.6,3,5,40,55,66.02,Seychelles,,27.6,28.1,28.3,27.8,,,,,,,,,,,,,,,,,,,2020-03-30,,97739
Sierra Leone,0,0,55000,279,42,70,110,5.9,0.8191,0.7634,0.5395,1765,56,468.6,16.1,5,33,60,42.54,Sierra Leone,25.4,27,27.8,27.7,27,26,24.9,24.6,25.4,25.9,26.1,25.4,,,,,,,,,,,,,,7813215
Singapore,1,0,12914000,15,100,33.48,7894,3.3,0.3857,0.3835,0.6561,105689,2,851.2,0.004,10,85,27.7,64.23,Singapore,26.6,26.9,27.3,27.5,27.8,27.5,27.2,,,,,,2020-04-07,2020-06-01,1,,,,,,,2020-01-20,,2020-03-23,,5804337
Slovakia,0,0,2027000,458,54,39.66,111,2.7,0.2539,0.2551,0.5655,38321,5,1500.9,6.9,20.5,50,29.18,70.6,Slovakia,,-1.7,2.7,8,13,,,,,,,,,,,,,,,,,,,2020-03-13,,5457013
Slovenia,0,1,3032000,492,55,24.06,103,2.3,0.2216,0.2201,0.2868,40344,2,2236.5,4.1,20.2,60,22.01,67.57,Slovenia,,0.2,4.1,8.3,12.9,16.2,18.2,,,,,,,,,,,,,,,,,,,2078654
Somalia,0,0,100000,410,45,70,24,5.5,0.8117,0.0326,0.0028,1200,44,198.5,2.5,5,9,58.74,40,Somalia,,26,27.3,28.2,28.4,,,,,,,,,,,,,,,,,,,,,15442905
South Africa,0,0,10044000,1034,66,57.3,48,3.2,0.7517,0.8652,0.8603,13965,22,509.6,4.3,28.3,44,77.02,44.73,South Africa,,22.8,21,17.8,14.2,11.1,10.9,,,,,,2020-03-26,2020-04-30,1,,,,,,,,,2020-03-26,,58558270
South Sudan,0,1,20000,282,20,70,20,6,0.7147,0.719,0.4307,1715,65,383.7,1,5,12,60,50,South Sudan,,28.1,29.2,29.1,27.7,,,,,,,,,,,,,,,,,,,,,11062113
Spain,0,0,75315000,660,80,39.99,93,2.5,0.4165,0.4132,0.4514,43007,3,1499,10.6,23.8,62,31.07,78.39,Spain,5.3,6.5,8.8,11,14.5,18.7,22,,,,,,2020-03-14,2020-04-25,1,,,,,,,,,2020-03-17,,46736776
Sri Lanka,1,0,2051000,228,18,59.14,332,3.9,0.415,0.4645,0.4853,14509,9,254.6,1.5,10,38,40.15,60.61,Sri Lanka,25,25.8,27,27.7,27.9,,,,,,,,,,,,,,,,,,,2020-04-08,,21323733
Sudan,0,0,75000,568,35,70,22,5.9,0.7147,0.719,0.4307,3986,43,339.9,1,5,16,60,51.49,Sudan,,22.5,25.6,28.9,31,,,,,,,,,,,,,,,,,,,2020-03-17,,42813238
Suriname,0,0,256000,246,66,70,3.5,3.8,0.7332,0.331,0.791,16044,20,511.7,4.3,26.4,44,50,54.2,Suriname,,25,25.3,25.6,25.7,,,,,,,,,,,,,,,,,,,2020-03-14,,581372
Sweden,0,0,6782000,320,87,18.09,23,1.9,0.06,0.1968,0.2342,55989,2,716.2,2.9,20.6,85,47.21,80.51,Sweden,-9.2,-8.6,-4.9,0.4,6.3,11.3,14,,,,,,,,,,,,,,,,,,,10036379
Switzerland,0,1,9205000,1350,74,22.39,208,2.3,0.5314,0.5441,0.6083,67558,3,1489.8,3.4,20,85,21.18,87.42,Switzerland,,-1.7,1.5,4.8,9.1,12.4,14.3,,,,,,2020-03-17,,1,,,,,,,,,2020-03-17,,8591365
Syria,0,0,25000,514,54,68.42,92,4.5,0.5399,0.1817,0.431,10000,16,2291.7,2,27.8,13,66.91,60,Syria,,7.9,11.4,16.4,21.7,,,,,,,,,,,,,,,,,,,,,17070135
Taiwan*,1,0,1500000,1150,90,63.35,652,2.7,0.2744,0.5028,0.6845,57214,4,750,0.3,10,65,16.22,72.48,Taiwan*,15,18,20,22,22,,,,,,,,,,,,,,,,,2020-01-20,,2020-03-19,,23773876
Tanzania,0,0,1233000,1018,34,62.93,59,4.7,0.7353,0.8983,0.6334,3652,42,181.8,0.2,5,37,59.83,50.83,Tanzania,,23.1,23,22.4,21.6,,,,,,,,,,,,,,,,,,,,,58005463
Thailand,0,0,32530000,287,50,75.07,130,3.5,0.6338,0.6344,0.0994,21361,9,837.4,1.2,10,36,41.29,49.88,Thailand,23.2,25.2,27.4,29,28.4,27.7,27.2,,,,,,2020-03-25,2020-04-30,1,,,,,,,,,2020-03-26,,69037513
Timor-Leste,1,0,66000,50,31,50,78,5.3,0,0.5261,0.4254,5321,30,1500,0.5,10,40,50,49.54,Timor-Leste,,25.6,25.7,25.6,25.2,,,,,,,,,,,,,,,,,,,,,1293119
Togo,0,0,338000,236,42,70,133,4.4,0.7099,0.898,0.6596,1913,50,147.3,1,5,29,60,41.78,Togo,,28.7,29.5,29.1,28,,,,,,,,,,,,,,,,,,,,,8082366
Trinidad and Tobago,1,0,410000,83,53,68.31,265,3.3,0.6475,0.1251,0.7936,33713,17,682.5,4.7,15,40,73.15,67.36,Trinidad and Tobago,,25,25.5,26.4,26.8,,,,,,,,,,,,,,,,,,,2020-03-17,2020-04-30,1394973
Tunisia,0,0,5724000,246,69,69.53,72,3.9,0.0394,0.0124,0.0104,13093,14,1580,6,26.9,43,40.64,62.35,Tunisia,,11.5,14.4,17.7,21.7,,,,,,,,2020-03-22,2020-04-19,1,,,,,,,,,2020-04-19,,11694719
Turkey,0,0,30289000,1132,75,67.35,106,3.4,0.32,0.2216,0.0049,29327,9,1770.7,1.9,32.1,39,39.86,52.96,Turkey,,1,4.9,10.1,14.7,,,,,,,,2020-04-11,2020-04-13,1,,,,,,,,,2020-03-28,,83429615
US,0,0,75608000,760,82,36.88,34,2.5,0.4901,0.5647,0.8241,67426,6,1016.6,16.2,36.2,69,46.73,71.19,US,-5.8,-3.9,0.1,6.1,12.2,17.3,20.1,,,,,,2020-03-22,,0.22,2020-03-29,,0.46,2020-04-05,,0.65,,,,,329064917
Uganda,0,1,1323000,1100,24,70,166,4.5,0.9302,0.9227,0.6332,2753,47,195.7,1.4,5,28,56.47,44.28,Uganda,,23.6,23.5,22.8,22.3,,,,,,,,,,,,,,,,,,,,,44269594
Ukraine,0,1,13333000,175,69,65.08,69,2.5,0.4737,0.4741,0.6157,10130,7,1849.4,2.5,24.1,30,49.04,52.87,Ukraine,,-3.8,1.2,8.9,15.2,,,,,,,,2020-03-17,2020-04-24,1,,,,,,,,,2020-03-17,2020-03-31,43993638
United Arab Emirates,0,0,15000000,149,87,51.15,117,3,0.6252,0.4874,0.331,70441,6,748.5,5.4,31.7,71,15.52,58.9,United Arab Emirates,18.5,19.4,22.5,26.7,30.7,,,,,,,,2020-03-26,2020-04-17,1,,,,,,,,,2020-03-19,,9770529
United Kingdom,1,0,35814000,162,83,40.56,274,2.3,0.1211,0.0532,0.6944,48169,4,827.7,6.6,27.8,77,43.64,79.89,United Kingdom,3.3,3.3,4.9,7,10.1,12.8,14.6,,,,,,2020-03-23,,1,,,,,,,,,,,67530172
Uruguay,0,0,3037000,109,95,44.84,34,2.8,0.2504,0.0817,0.3548,24516,9,899.4,6,27.9,71,52.33,64.65,Uruguay,,23.4,21.4,17.8,14.6,,,,,,,,,,,,,,,,,,,2020-04-01,,3461734
Uzbekistan,0,1,1500000,350,50,65,73,5.1,0.4125,0.412,0.2133,9595,11,495.9,4.2,10,25,55,45.88,Uzbekistan,,-1.3,5.1,13.7,20.2,,,,,,,,,,,,,,,,,,,,,32981716
Venezuela,0,0,601000,450,88,73.76,35,3.8,0.4966,0.0686,0.135,13000,25,396.2,0.9,25.6,16,84.86,63.89,Venezuela,,25.5,26,26.1,25.6,,,,,,,,2020-03-17,,1,,,,,,,,,2020-04-10,,28515829
Vietnam,0,0,10013000,398,36,86.47,290,3.9,0.2383,0.2377,0.508,8677,14,1049.6,0.3,10,37,48.22,46.96,Vietnam,19.7,20.8,22.4,25.5,26.9,27.2,27.1,,,,,,,,,,,,,,,2020-01-20,,2020-03-22,,96462106
West Bank and Gaza,0,1,25000,500,76,55,400,3.3,0,0.1438,0.3095,20000,8,1000,4,5,25,60,70,West Bank and Gaza,,12,15,18,22,,,,,,,,,,,,,,,,,,,2020-03-05,2020-03-19,4981420
Western Sahara,0,0,25000,256,25,70,15,5.4,0.6906,0.8388,0.182,1800,28,150,2,5,30,60,40,Western Sahara,,24,27,31,33,,,,,,,,,,,,,,,,,,,,,582463
Zambia,0,1,956000,1138,44,70,22,5.1,0.7808,0.8734,0.7359,4174,42,145.4,9.5,5,34,55,50.97,Zambia,,23.2,23,22,19.8,,,,,,,,,,,,,,,,,,,,,17861030
Zimbabwe,0,1,2168000,961,32,74.61,39,4.1,0.3874,0.4472,0.7363,2778,52,122.9,6.9,5,24,53.84,43.41,Zimbabwe,,23.9,23.1,21.4,18.7,,,,,,,,2020-03-30,2020-05-02,1,,,,,,,,,,,14645468
